  [
  
    {
    "abilities": "['Run Away', 'Adaptability', 'Anticipation']",
    "against_bug": 1,
    "against_dark": 1,
    "against_dragon": 1,
    "against_electric": 1,
    "against_fairy": 1,
    "against_fight": 2,
    "against_fire": 1,
    "against_flying": 1,
    "against_ghost": 0,
    "against_grass": 1,
    "against_ground": 1,
    "against_ice": 1,
    "against_normal": 1,
    "against_poison": 1,
    "against_psychic": 1,
    "against_rock": 1,
    "against_steel": 1,
    "against_water": 1,
    "attack": 55,
    "base_egg_steps": 8960,
    "base_happiness": 70,
    "base_total": 325,
    "capture_rate": 45,
    "classfication": "Evolution Pokémon",
    "defense": 50,
    "experience_growth": 1000000,
    "height_m": 0.3,
    "hp": 55,
    "japanese_name": "Eievuiイーブイ",
    "name": "Eevee",
    "percentage_male": 88.1,
    "pokedex_number": 133,
    "sp_attack": 45,
    "sp_defense": 65,
    "speed": 55,
    "type1": "normal",
    "type2": "",
    "weight_kg": 6.5,
    "generation": 1,
    "is_legendary": 0,
    "image":"evoli.png"
  },
  
  {
    "abilities": "['Static', 'Lightningrod']",
    "against_bug": 1,
    "against_dark": 1,
    "against_dragon": 1,
    "against_electric": 0.5,
    "against_fairy": 1,
    "against_fight": 1,
    "against_fire": 1,
    "against_flying": 0.5,
    "against_ghost": 1,
    "against_grass": 1,
    "against_ground": 2,
    "against_ice": 1,
    "against_normal": 1,
    "against_poison": 1,
    "against_psychic": 1,
    "against_rock": 1,
    "against_steel": 0.5,
    "against_water": 1,
    "attack": 55,
    "base_egg_steps": 2560,
    "base_happiness": 70,
    "base_total": 320,
    "capture_rate": 190,
    "classfication": "Mouse Pokémon",
    "defense": 40,
    "experience_growth": 1000000,
    "height_m": 0.4,
    "hp": 35,
    "japanese_name": "Pikachuピカチュウ",
    "name": "Pikachu",
    "percentage_male": 50,
    "pokedex_number": 25,
    "sp_attack": 50,
    "sp_defense": 50,
    "speed": 90,
    "type1": "electric",
    "type2": "",
    "weight_kg": 6,
    "generation": 1,
    "is_legendary": 0,
    "image":"pikatchu.png"
  },
  
  
  
  {
    "abilities": "['Cute Charm', 'Normalize', 'Wonder Skin ']",
    "against_bug": 1,
    "against_dark": 1,
    "against_dragon": 1,
    "against_electric": 1,
    "against_fairy": 1,
    "against_fight": 2,
    "against_fire": 1,
    "against_flying": 1,
    "against_ghost": 0,
    "against_grass": 1,
    "against_ground": 1,
    "against_ice": 1,
    "against_normal": 1,
    "against_poison": 1,
    "against_psychic": 1,
    "against_rock": 1,
    "against_steel": 1,
    "against_water": 1,
    "attack": 45,
    "base_egg_steps": 3840,
    "base_happiness": 70,
    "base_total": 260,
    "capture_rate": 255,
    "classfication": "Kitten Pokémon",
    "defense": 45,
    "experience_growth": 800000,
    "height_m": 0.6,
    "hp": 50,
    "japanese_name": "Enecoエネコ",
    "name": "Skitty",
    "percentage_male": 24.6,
    "pokedex_number": 300,
    "sp_attack": 35,
    "sp_defense": 35,
    "speed": 50,
    "type1": "normal",
    "type2": "",
    "weight_kg": 11,
    "generation": 3,
    "is_legendary": 0,
    "image":"skitty.png"
  },
  
  {
    "abilities": "['Overgrow', 'Shell Armor']",
    "against_bug": 2,
    "against_dark": 1,
    "against_dragon": 1,
    "against_electric": 0.5,
    "against_fairy": 1,
    "against_fight": 1,
    "against_fire": 2,
    "against_flying": 2,
    "against_ghost": 1,
    "against_grass": 0.5,
    "against_ground": 0.5,
    "against_ice": 2,
    "against_normal": 1,
    "against_poison": 2,
    "against_psychic": 1,
    "against_rock": 1,
    "against_steel": 1,
    "against_water": 0.5,
    "attack": 68,
    "base_egg_steps": 5120,
    "base_happiness": 70,
    "base_total": 318,
    "capture_rate": 45,
    "classfication": "Tiny Leaf Pokémon",
    "defense": 64,
    "experience_growth": 1059860,
    "height_m": 0.4,
    "hp": 55,
    "japanese_name": "Naetleナエトル",
    "name": "Turtwig",
    "percentage_male": 88.1,
    "pokedex_number": 387,
    "sp_attack": 45,
    "sp_defense": 55,
    "speed": 31,
    "type1": "grass",
    "type2": "",
    "weight_kg": 10.2,
    "generation": 4,
    "is_legendary": 0,
    "image":"tortipouss.png"
  },
  
  {
    "abilities": "['Overgrow', 'Chlorophyll']",
    "against_bug": 1,
    "against_dark": 1,
    "against_dragon": 1,
    "against_electric": 0.5,
    "against_fairy": 0.5,
    "against_fight": 0.5,
    "against_fire": 2,
    "against_flying": 2,
    "against_ghost": 1,
    "against_grass": 0.25,
    "against_ground": 1,
    "against_ice": 2,
    "against_normal": 1,
    "against_poison": 1,
    "against_psychic": 2,
    "against_rock": 1,
    "against_steel": 1,
    "against_water": 0.5,
    "attack": 49,
    "base_egg_steps": 5120,
    "base_happiness": 70,
    "base_total": 318,
    "capture_rate": 45,
    "classfication": "Seed Pokémon",
    "defense": 49,
    "experience_growth": 1059860,
    "height_m": 0.7,
    "hp": 45,
    "japanese_name": "Fushigidaneフシギダネ",
    "name": "Bulbasaur",
    "percentage_male": 88.1,
    "pokedex_number": 1,
    "sp_attack": 65,
    "sp_defense": 65,
    "speed": 45,
    "type1": "grass",
    "type2": "poison",
    "weight_kg": 6.9,
    "generation": 1,
    "is_legendary": 0,
    "image":"bulbizarre.png"
  },
  
  
  {
    "abilities": "['Victory Star']",
    "against_bug": 1,
    "against_dark": 2,
    "against_dragon": 1,
    "against_electric": 1,
    "against_fairy": 0.5,
    "against_fight": 0.5,
    "against_fire": 0.5,
    "against_flying": 1,
    "against_ghost": 2,
    "against_grass": 0.5,
    "against_ground": 2,
    "against_ice": 0.5,
    "against_normal": 1,
    "against_poison": 1,
    "against_psychic": 0.5,
    "against_rock": 2,
    "against_steel": 0.5,
    "against_water": 2,
    "attack": 100,
    "base_egg_steps": 30720,
    "base_happiness": 100,
    "base_total": 600,
    "capture_rate": 3,
    "classfication": "Victory Pokémon",
    "defense": 100,
    "experience_growth": 1250000,
    "height_m": 0.4,
    "hp": 100,
    "japanese_name": "Victiniビクティニ",
    "name": "Victini",
    "percentage_male": "",
    "pokedex_number": 494,
    "sp_attack": 100,
    "sp_defense": 100,
    "speed": 100,
    "type1": "psychic",
    "type2": "fire",
    "weight_kg": 4,
    "generation": 5,
    "is_legendary": 1,
    "image":"victini.png"
  },
  
  
  {
    "abilities": "['Poison Point', 'Rivalry', 'Sheer Force']",
    "against_bug": 0.5,
    "against_dark": 1,
    "against_dragon": 1,
    "against_electric": 0,
    "against_fairy": 0.5,
    "against_fight": 0.5,
    "against_fire": 1,
    "against_flying": 1,
    "against_ghost": 1,
    "against_grass": 1,
    "against_ground": 2,
    "against_ice": 2,
    "against_normal": 1,
    "against_poison": 0.25,
    "against_psychic": 2,
    "against_rock": 0.5,
    "against_steel": 1,
    "against_water": 2,
    "attack": 92,
    "base_egg_steps": 5120,
    "base_happiness": 70,
    "base_total": 505,
    "capture_rate": 45,
    "classfication": "Drill Pokémon",
    "defense": 87,
    "experience_growth": 1059860,
    "height_m": 1.3,
    "hp": 90,
    "japanese_name": "Nidoqueenニドクイン",
    "name": "Nidoqueen",
    "percentage_male": 0,
    "pokedex_number": 31,
    "sp_attack": 75,
    "sp_defense": 85,
    "speed": 76,
    "type1": "poison",
    "type2": "ground",
    "weight_kg": 60,
    "generation": 1,
    "is_legendary": 0,
    "image":"nidoqueen.png"
  },
  
  {
    "abilities": "['Cute Charm', 'Competitive', 'Friend Guard']",
    "against_bug": 0.5,
    "against_dark": 0.5,
    "against_dragon": 0,
    "against_electric": 1,
    "against_fairy": 1,
    "against_fight": 1,
    "against_fire": 1,
    "against_flying": 1,
    "against_ghost": 0,
    "against_grass": 1,
    "against_ground": 1,
    "against_ice": 1,
    "against_normal": 1,
    "against_poison": 2,
    "against_psychic": 1,
    "against_rock": 1,
    "against_steel": 2,
    "against_water": 1,
    "attack": 45,
    "base_egg_steps": 2560,
    "base_happiness": 70,
    "base_total": 270,
    "capture_rate": 170,
    "classfication": "Balloon Pokémon",
    "defense": 20,
    "experience_growth": 800000,
    "height_m": 0.5,
    "hp": 115,
    "japanese_name": "Purinプリン",
    "name": "Jigglypuff",
    "percentage_male": 24.6,
    "pokedex_number": 39,
    "sp_attack": 45,
    "sp_defense": 25,
    "speed": 20,
    "type1": "normal",
    "type2": "fairy",
    "weight_kg": 5.5,
    "generation": 1,
    "is_legendary": 0,
    "image":"jinglypuff.png"
  }
  
  ]
  
  
  
  
  
  
  
  
  
  
  
  
  
  
  
  
  
  
  
  
  
  
  
  
  
  
  
  
  
  
  
  
  
  
  
  
  
  
  
  
  
  
  
  
  
  
  
  
  
  
  
  
 